,ENSG00000204287,ENSG00000104894,ENSG00000081059,ENSG00000171345,ENSG00000265972,label
PDAC_276,35.47224942,48.18968076,1.53553,20.86691924,105.6535,1
PDAC_278,44.13507807,83.41842769,4.538714,0.0,107.3641,1
PDAC_259,23.73764432,57.64096142,4.843331,0.159670253,112.6208,1
PDAC_272,38.08960736,124.1705229,9.741996,2.954539774,135.7491,1
PDAC_255,136.3118356,71.97862059,7.506189,0.188475327,141.5555,1
PDAC_254,45.68636096,87.59467676,8.325692,0.0,153.7105,1
PDAC_284,33.06609412,76.97626552,7.941201,0.0,168.4335,1
PDAC_275,36.92008664,76.71706316,11.78155,0.0,172.8189,1
PDAC_265,44.25022989,78.96242436,6.645353,0.156361236,197.0152,1
PDAC_262,47.34430685,82.00972039,20.66733,0.073288401,218.1063,1
PDAC_245,47.93114123,84.25009877,6.423761,1.235338692,224.0904,1
PDAC_134,240.3822079,85.86312204,25.68401,0.0,227.0002,1
PDAC_273,139.4173017,71.26163888,3.407364,23.91471842,232.237,1
PDAC_192,188.089547,89.73887372,13.67136,4.624307753,232.5375,1
PDAC_130,207.0361701,156.0897629,12.35931,0.0,233.6831,1
PDAC_282,104.5604447,88.03155497,25.00813,2.396573808,234.1952,1
PDAC_258,100.2438999,122.305091,16.73422,1.614233493,246.6549,1
PDAC_167,149.4902989,43.18856095,2.539166,5.886505312,247.5206,1
PDAC_269,61.47481485,81.09869711,22.12693,0.200243697,254.71,1
PDAC_121,143.7444721,82.2066668,6.012387,41.08769615,257.5773,1
PDAC_143,115.9290172,122.3201215,66.28208,0.890860459,277.481,1
PDAC_247,65.27887836,132.7882423,16.35689,0.0,280.7438,1
PDAC_191,146.6227781,82.45376227,11.81412,20.52661875,289.8633,1
PDAC_281,181.745388,88.50617616,30.27632,0.4944244,297.5891,1
PDAC_271,81.10556652,80.05643979,20.98253,0.0,308.2819,1
PDAC_270,271.1651118,127.4131859,20.32629,0.0,319.5489,1
PDAC_186,116.361083,72.94782061,20.0659,2.147496135,323.8514,1
PDAC_283,185.1493455,89.98411069,23.93864,0.0,327.7703,1
PDAC_248,67.12813706,98.11035417,26.94106,1.459307327,343.274,1
PDAC_221,121.7691275,141.4750021,32.64347,0.239585101,351.1719,1
PDAC_224,119.4406833,251.9260829,28.12767,0.203823692,352.0035,1
PDAC_227,111.6816164,173.0363284,24.86269,1.403539164,354.4939,1
PDAC_277,73.61429939,186.5945343,26.11274,16.27125334,370.8271,1
PDAC_264,157.2749536,192.9639949,36.83338,0.0,376.6302,1
PDAC_098,128.3040208,123.1289581,20.15459,0.0,377.4167,1
PDAC_239,135.088232,155.1508407,31.43142,0.0,380.8552,1
PDAC_197,123.465287,162.9075974,39.65942,0.0,399.7062,1
PDAC_209,134.8233963,120.484719,25.55736,0.132765531,407.5238,1
PDAC_256,103.1162649,143.6883818,37.0914,1.305269176,408.9843,1
PDAC_261,118.1662562,192.7264616,21.98728,14.00306987,414.6874,1
PDAC_251,98.82033009,137.4968686,75.75634,1.951568458,425.4419,1
PDAC_253,127.3889521,151.1569051,38.62292,0.060632533,430.7335,1
PDAC_243,185.5615563,184.6031534,15.03955,0.147446608,432.6821,1
PDAC_125,242.507588,158.8888756,42.23122,16.74150534,434.7907,1
PDAC_240,72.83686618,91.95438094,27.07594,0.173009183,451.9865,1
PDAC_268,108.4467246,107.5570067,23.33038,0.0,452.0755,1
PDAC_154,117.2552264,117.2552264,30.30191,1.317474454,455.8462,1
PDAC_242,157.6696928,156.6330122,31.76012,0.09424369,458.4956,1
PDAC_159,191.1888344,87.35439075,17.8138,15.05018627,471.4696,1
PDAC_225,170.1292699,169.2953029,40.364,0.166793402,476.4454,1
PDAC_183,226.1530937,163.1545097,21.95661,1.857867088,477.8096,1
PDAC_220,66.33173767,133.4347746,30.38919,8.638551883,482.5248,1
PDAC_205,169.5066785,121.9518123,29.16698,0.528387402,490.1322,1
PDAC_216,79.67900743,183.546285,35.39313,0.0,491.2353,1
PDAC_244,183.21518,239.807318,42.95428,0.0,504.9492,1
PDAC_145,170.9487886,135.7133369,15.79499,54.77855724,510.8208,1
PDAC_087,442.3499526,108.776118,28.30757,11.39213687,531.2513,1
PDAC_249,98.60087307,112.6287933,23.19067,0.0,540.2776,1
PDAC_147,244.8312536,149.862922,14.29126,12.53666481,544.2154,1
PDAC_009,197.1177749,181.2656461,1.500074,45.04274946,555.7975,1
PDAC_233,132.9610302,202.8968735,44.50463,0.0,558.9339,1
PDAC_206,198.7556094,214.8233386,79.01801,8.58412931,562.3705,1
PDAC_103,127.7178093,112.718566,22.22479,1429.213613,563.3935,1
PDAC_161,220.6446845,210.7987488,57.91325,0.0,571.8848,1
PDAC_246,74.42993919,199.5102843,17.35906,20.68819396,579.0316,1
PDAC_236,131.3519001,197.06284,52.83467,1.959431647,581.2514,1
PDAC_163,100.9473163,210.6058223,36.89445,1.537268776,583.1373,1
PDAC_193,95.62783716,133.8608091,33.96468,0.0,583.6658,1
PDAC_182,154.6399479,141.8953903,44.42645,0.0,585.1726,1
PDAC_223,124.4455618,196.7648693,49.46515,1.095747085,591.1556,1
PDAC_208,183.6192907,199.6994537,58.12215,0.449166562,597.661,1
PDAC_132,221.6537284,183.0698124,97.34287,1.426518019,604.5719,1
PDAC_231,136.2798716,133.7146034,18.59819,0.106886174,611.282,1
PDAC_213,132.7476422,225.6007962,53.19265,0.0,612.2225,1
PDAC_200,221.753371,148.668999,26.15651,1.057800122,619.6785,1
PDAC_172,308.6978856,230.2685448,42.03813,0.268900597,627.1658,1
PDAC_214,167.0188307,180.5463568,26.59389,0.61488755,635.3326,1
PDAC_196,177.0095467,208.6237202,79.4828,6.26318531,638.994,1
PDAC_043,155.8671483,150.5039776,41.89977,1373.737865,655.5518,1
PDAC_019,235.2386845,273.0176653,76.96587,47.8690191,664.1826,1
PDAC_176,174.6183662,160.2840227,47.49156,0.434374045,690.0756,1
PDAC_218,172.6827641,130.4932251,22.5665,3.924608275,692.6934,1
PDAC_071,164.5194221,229.1875477,32.86413,1514.135253,703.9284,1
PDAC_137,190.8039568,336.7258704,90.86956,435.1126152,708.8268,1
PDAC_006,142.802404,199.7206036,75.69783,1.255193544,723.957,1
PDAC_185,137.5487634,87.23594137,14.40407,81.1497129,726.8986,1
PDAC_178,251.7783569,204.6813751,71.73981,0.0,735.0696,1
PDAC_202,234.520108,187.0629042,56.91953,0.873445467,736.6057,1
PDAC_189,234.4933076,207.385776,43.77559,0.0,739.4478,1
PDAC_092,80.31584052,241.9046984,104.5063,1.2182251,739.7237,1
PDAC_065,248.7134757,242.0396717,131.6934,78.07436437,740.198,1
PDAC_126,241.0868947,226.2209468,83.37858,2.585382249,740.712,1
PDAC_146,106.703286,200.7540084,42.59696,3.374016949,747.3448,1
PDAC_002,183.8145966,227.1272314,133.1071,1.056405727,750.0481,1
PDAC_173,221.7405115,249.4580754,48.78291,4.43481023,752.2547,1
PDAC_174,203.121215,283.2808038,27.13867,0.335045303,753.2656,1
PDAC_166,289.0924903,281.7043063,148.9553,0.0,754.3098,1
PDAC_195,239.1145648,265.2622178,57.31354,0.616274651,755.9929,1
PDAC_048,337.8794989,234.6251445,36.89378,0.0,768.1622,1
PDAC_018,228.1932704,343.3552081,8.740944,11.25396545,770.6781,1
PDAC_162,257.9879259,160.9368438,51.02357,0.0,772.1567,1
PDAC_038,556.0816181,470.2711797,109.7924,5.246053001,774.5423,1
PDAC_061,139.8202335,172.6416373,8.323887,1051.23321,779.2318,1
PDAC_219,97.57073711,182.1447845,23.50872,0.382255581,779.5147,1
PDAC_044,277.632348,278.2666945,108.4733,0.052862214,788.017,1
PDAC_229,383.2256226,236.7668176,38.1882,1.343658762,790.5664,1
PDAC_012,367.4311603,274.5700271,22.28114,0.092261434,792.987,1
PDAC_199,194.7595242,153.319084,106.9227,2.952499554,802.0254,1
PDAC_203,187.6367666,216.7396121,48.24945,0.574398265,812.5821,1
PDAC_238,233.3744024,273.2188126,111.7713,6.72697834,820.1739,1
PDAC_133,286.2625165,187.4756051,51.9546,31.1727587,820.5899,1
PDAC_184,193.9279775,254.6883351,66.93462,0.070162076,820.6858,1
PDAC_079,322.2561268,249.0919944,116.6528,19.50537555,826.7395,1
PDAC_041,258.6149745,382.7251316,120.2513,2.850709491,829.6608,1
PDAC_164,139.7381258,198.6229113,19.70376,0.226479945,846.1291,1
PDAC_077,239.6251514,366.6140011,67.02016,2.74570486,851.2933,1
PDAC_049,508.2320032,494.618646,62.36389,0.245285716,870.3964,1
PDAC_210,210.5431541,270.3983151,37.33655,0.350030181,871.3418,1
PDAC_052,143.0460393,164.3424033,31.05993,6.749309228,881.5384,1
PDAC_081,176.077184,189.1273744,110.4749,51.99998936,892.3821,1
PDAC_234,234.7372301,232.797253,98.29217,40.09286024,897.5627,1
PDAC_120,188.0149096,209.1048875,101.4114,160.0445133,899.6895,1
PDAC_140,361.0864954,310.0817613,67.89372,0.168889848,905.2496,1
PDAC_230,229.8891925,247.827959,95.49468,0.0,908.1013,1
PDAC_128,337.4692457,199.2468442,48.18077,0.0,917.4053,1
PDAC_212,198.4287318,168.4399551,43.72615,0.0,918.7879,1
PDAC_059,293.8832046,385.6973133,28.3931,40.93094433,919.068,1
PDAC_177,109.1997281,216.5982236,32.42219,0.0,923.9198,1
PDAC_168,161.1964468,209.1862287,42.4525,62.14061498,930.8787,1
PDAC_030,158.7628932,236.0695651,15.57502,4.320078725,933.9328,1
PDAC_158,245.4389586,284.1307689,39.86429,3.517437305,936.42,1
PDAC_008,289.0508361,322.5526851,95.24654,7.856053722,939.4152,1
PDAC_142,277.8370514,318.4084508,66.2495,55.72147888,950.8601,1
PDAC_073,271.2889852,233.3846669,31.00761,37.4629288,952.6839,1
PDAC_171,234.8194201,320.2348019,29.15201,18.94880485,955.8943,1
PDAC_017,275.4477275,222.986843,49.70865,13.98582466,957.7201,1
PDAC_152,251.8779967,299.9395226,58.44519,0.148338043,961.2305,1
PDAC_080,223.6813451,276.5229212,38.45309,2.136282509,962.0811,1
PDAC_057,268.9718639,295.3029324,58.32332,0.526621368,968.8517,1
PDAC_084,145.3423371,80.65701125,40.92744,16.5706236,969.6809,1
PDAC_127,341.9652071,338.8545472,51.2222,2.384839225,977.8878,1
PDAC_063,243.5438359,221.2638004,49.09989,0.349216857,978.5755,1
PDAC_070,302.3446362,414.4437548,136.2048,20.71824891,978.957,1
PDAC_015,293.4983503,247.3435786,62.30633,0.0,985.245,1
PDAC_088,235.2723638,259.6271914,86.06949,150.3851491,995.2376,1
PDAC_062,168.4716548,165.3264205,88.79238,0.0,1003.652,1
PDAC_025,126.0299001,241.9786192,23.7044,2.633822078,1015.687,1
PDAC_014,159.3560351,152.6044446,115.4245,0.092487542,1019.398,1
PDAC_118,236.7020569,266.1998816,100.7243,0.0,1031.704,1
PDAC_122,242.3984403,254.9971119,49.48758,15.97511551,1033.746,1
PDAC_108,236.580379,309.3445375,72.76416,13.71592764,1047.137,1
PDAC_188,294.7574359,271.3125745,86.99278,0.10282834,1047.409,1
PDAC_131,203.3730682,179.2267674,34.68905,5.101331141,1052.235,1
PDAC_141,429.5741882,259.7305873,48.71019,0.0,1055.188,1
PDAC_250,269.1305927,288.2295206,83.63482,0.924141676,1057.629,1
PDAC_097,330.1296812,265.5886302,130.9933,37.19563988,1058.532,1
PDAC_039,286.7509253,301.4824543,97.29661,0.342593698,1073.175,1
PDAC_053,371.5053401,277.6829909,65.10804,4.117944153,1079.235,1
PDAC_060,389.4538464,350.4252138,113.658,0.0,1086.974,1
PDAC_139,227.3782436,397.0952962,61.77985,0.0,1087.751,1
PDAC_032,314.8167576,525.7449119,146.8898,12.97449104,1093.286,1
PDAC_028,604.9690037,412.2846279,94.12232,6.548604939,1094.116,1
PDAC_093,316.8292646,177.3634473,36.94543,216.5941597,1095.413,1
PDAC_096,257.6637818,279.1431908,0.08912618,27.00523206,1109.443,1
PDAC_156,283.4632824,364.1461499,79.29396,0.378792805,1113.777,1
PDAC_004,191.7435483,284.2597075,23.55106,0.041173191,1119.87,1
PDAC_124,153.7342017,207.9893072,41.39261,1313.274589,1126.905,1
PDAC_047,288.056845,393.9617679,52.23279,0.037877297,1140.107,1
PDAC_040,259.1757697,536.8117004,127.9375,2.445054431,1140.862,1
PDAC_058,82.08513349,178.835601,128.9836,160.3511696,1141.859,1
PDAC_033,308.9761421,308.2914304,105.788,10.78420884,1145.523,1
PDAC_069,429.1772669,232.190655,41.73776,138.8658096,1150.031,1
PDAC_148,173.5071381,235.5381875,66.15147,0.0,1156.789,1
PDAC_106,230.1894002,305.3089212,44.4437,0.241541868,1158.676,1
PDAC_076,259.6076826,297.1798492,55.70873,51.76165497,1159.941,1
PDAC_100,284.8422634,314.2897245,127.147,1.100839665,1161.936,1
PDAC_107,218.9797431,253.3019576,37.33294,1.003573525,1172.174,1
PDAC_074,344.3299486,243.6381621,21.7766,101.2911424,1172.74,1
PDAC_129,310.8625224,357.9715389,94.31301,20.13530545,1177.535,1
PDAC_165,367.2215318,304.3484315,79.92343,2.27337764,1178.817,1
PDAC_056,285.2027664,296.6284551,175.3404,14.50183558,1183.877,1
PDAC_160,199.501967,278.1957466,78.93443,2.7073548,1191.296,1
PDAC_153,225.9826561,269.8125535,110.3069,1.171400377,1194.536,1
PDAC_027,294.6923373,298.0086865,87.07345,0.0,1199.593,1
PDAC_078,304.5602168,234.5103214,44.43464,24.67429151,1202.976,1
PDAC_003,163.3729276,213.544894,132.0432,0.295563867,1216.098,1
PDAC_068,35.20622208,251.2787439,37.67418,1.863562542,1218.014,1
PDAC_021,366.1262093,372.5408194,115.1889,13.26782609,1218.831,1
PDAC_094,361.8177321,416.5051561,95.61765,1.945807221,1234.802,1
PDAC_204,101.3180944,178.6970687,172.7324,0.0,1241.691,1
PDAC_105,245.3047529,388.9589715,27.5978,0.161863908,1251.046,1
PDAC_179,159.1409362,226.5387884,38.43984,16.01659986,1255.573,1
PDAC_135,325.7586321,317.5753234,113.6221,0.0,1272.19,1
PDAC_102,239.0793439,316.4356533,119.1771,33.11816998,1273.478,1
PDAC_050,328.594784,454.1474179,34.82124,8.827919571,1284.462,1
PDAC_111,234.7425766,306.734272,72.58749,73.87837435,1295.155,1
PDAC_104,290.8747288,419.7676311,79.25952,6.540833849,1310.86,1
PDAC_036,308.2695534,307.9822565,82.4542,3.160265692,1338.516,1
PDAC_051,458.8801308,227.7251114,84.50046,0.0,1345.252,1
PDAC_144,222.2659301,219.4236548,32.97039,18.75901712,1346.102,1
PDAC_123,284.4971596,443.2143006,21.8844,54.82151948,1348.211,1
PDAC_089,360.6122491,308.7850357,47.39561,0.300447614,1356.221,1
PDAC_075,423.1860442,278.8291503,44.63532,38.30297042,1357.954,1
PDAC_083,224.4006599,292.6861922,7.991702,0.079125762,1358.273,1
PDAC_232,155.0393698,289.8134412,199.7017,117.4600301,1378.434,1
PDAC_016,248.8256001,280.9452445,101.6444,10.16444445,1382.771,1
PDAC_117,369.5032267,393.4762927,89.65437,75.95547957,1387.747,1
PDAC_109,319.7825479,339.7689571,97.40212,8.60174575,1413.469,1
PDAC_082,350.8878028,543.6556083,223.3209,6.299601487,1451.743,1
PDAC_119,309.2055,327.4048724,35.84725,95.77649553,1483.341,1
PDAC_099,300.6349028,375.7167004,97.85251,0.153856143,1537.484,1
PDAC_007,272.488251,412.8197002,187.1994,14.4418773,1539.831,1
PDAC_013,309.2703728,390.1815696,157.1926,18.96011695,1560.859,1
PDAC_054,275.7037075,316.3133718,0.0,0.0,1567.478,1
PDAC_086,178.3918113,235.4441171,80.41068,3.307380046,1576.38,1
PDAC_011,203.7000861,258.4581738,49.00849,89.2556829,1588.806,1
PDAC_114,377.1740427,376.2684628,74.71034,3.169529771,1637.062,1
PDAC_037,266.1524194,267.6245013,120.4163,27.38072456,1650.793,1
PDAC_001,331.8745119,387.5966522,136.756,26.58638065,1692.606,1
PDAC_055,555.1551425,597.9984406,49.53191,429.5176224,1744.644,1
PDAC_024,542.6964402,378.2990808,65.87588,13.25313627,1810.515,1
PDAC_066,223.37283,273.1457367,55.39817,3.489087878,1814.539,1
PDAC_222,135.600971,148.6581259,52.80894,0.096719665,1841.542,1
PDAC_020,372.8161041,293.6168281,153.2474,0.321948276,1868.266,1
PDAC_005,476.9936361,523.810586,85.54511,0.735344763,2012.394,1
PDAC_113,210.9906972,342.9672392,35.49911,11.16504368,2218.981,1
PDAC_101,254.0145879,295.4344896,42.38156,79.40531737,2897.401,1
CP_045,94.02221132,175.7166572,40.84722,2.759947495,413.4401,0
CP_53,140.6383724,113.1967388,21.15292594,0.0,487.0889972,0
N_117,148.9206926,237.0044711,34.02254,0.0,516.6813,0
N_113,191.4390345,277.238901,56.44997,10.32870859,630.5625,0
N_045,356.8768635,313.8402996,74.35335,0.0,808.6647,0
N_114,292.1138464,251.5618301,125.3959,0.073330952,812.7269,0
N_054,242.1630266,285.0919267,55.80757,0.0,827.317,0
N_011,321.7187761,308.5081017,79.52308,0.129516415,835.7694,0
N_108,216.2428153,206.9810188,109.3697,0.0,847.3336,0
N_099,473.4574839,253.2826473,102.0605,0.0,847.4336,0
N_057,336.8444671,334.2422351,108.7155,0.0,866.8324,0
N_101,258.5267363,233.6901066,90.22818,0.0,867.8926,0
N_116,390.7167044,233.513263,127.7734,0.0,879.4642,0
N_076,226.422933,290.7861246,83.53665,0.0,882.0467,0
CP_001,204.6150768,295.555111,134.1366,0.324785836,916.2208,0
N_094,222.6666167,228.7807774,36.79613,0.0,946.3609,0
CP_034,271.2626978,301.7624219,56.14722,0.231058516,955.658,0
CP_044,294.1357841,555.6248619,85.79618,0.0,960.4756,0
N_061,326.6531996,223.6528035,60.41719,0.0,969.7687,0
N_018,452.7756929,334.7792961,149.2695,0.0,978.4375,0
N_050,377.4585059,273.0814098,70.04863,0.927796409,993.0514,0
N_077,362.0147348,326.7936835,125.6012,0.0,995.9525,0
N_095,270.4779872,288.99393,129.4099,0.0,997.6019,0
N_097,389.9661676,321.4389781,35.57026,0.871108342,1010.34,0
CP_029,482.4534857,358.6379894,88.40376,0.251147051,1018.401,0
N_020,266.3709716,299.0590694,99.96845,6.770350351,1022.217,0
N_036,272.0081512,346.5270509,113.0534,0.566683648,1024.422,0
CP_97,519.3517946,482.6220381,207.671088,0.0,1025.735026,0
N_005,354.6451707,425.1033625,120.9056,11.43474235,1031.985,0
N_086,188.7255265,151.1907004,171.0621,1.051395691,1040.041,0
N_089,338.9442055,460.376972,162.1884,0.0,1040.241,0
N_008,424.0613667,355.0703802,149.5511,0.0,1040.437,0
CP_004,330.3936507,338.2174134,19.36702,0.0,1046.076,0
N_111,382.6731545,346.0885793,61.52519,0.901467973,1053.065,0
N_046,300.8091176,334.8811834,156.9041,8.886157256,1053.847,0
N_105,315.8732946,283.0951253,105.5517,0.0,1056.961,0
N_040,408.8623543,348.2901537,112.2367,0.0,1063.398,0
CP_003,278.8703192,315.0180298,102.4185,0.115858047,1068.095,0
N_079,406.68588,372.1548425,132.5446,0.0,1076.159,0
N_023,351.6420601,403.4792835,148.1616,0.0,1079.143,0
N_031,310.5849116,322.3122347,131.0812,6.52568785,1086.385,0
N_017,234.1289325,271.2644269,86.86199,0.0,1094.249,0
N_103,319.2781737,249.9949351,45.27172,0.0,1094.9,0
N_078,381.6933559,484.933861,67.52414,0.0,1096.829,0
N_060,320.531815,314.8334716,61.02926,1.424585844,1105.65,0
N_013,332.208192,293.2946238,171.1323,0.787015985,1111.004,0
CP_025,307.4985034,410.0903464,143.8687,1.569812179,1117.429,0
CP_038,254.5664045,350.2680603,75.79571,0.0,1133.873,0
N_062,452.5429789,475.3222974,95.72847,0.830015653,1142.47,0
N_016,369.7836248,403.6250848,125.0898,0.0,1143.038,0
N_096,570.5561807,269.0410992,211.0047,0.0,1149.396,0
N_047,366.3321826,273.8880003,80.24863,1.489533652,1154.295,0
N_092,229.9508944,315.8830646,63.17661,0.0,1167.869,0
N_003,328.4937605,314.2330269,140.6198,4.074495289,1170.473,0
N_052,319.8958964,294.4890021,79.45429,0.0,1189.967,0
N_041,332.0407385,299.6804053,112.4988,0.0,1199.772,0
CP_027,233.7296128,374.3780328,144.7549,0.0,1208.858,0
N_029,439.6524009,354.1557941,190.8608,3.032621796,1209.161,0
N_025,331.0068862,396.6920733,182.9894,2.193807823,1220.854,0
N_002,374.5792075,265.8548582,186.4774,0.0,1220.875,0
CP_022,331.030276,368.8019801,209.7385,0.0,1222.302,0
CP_039,154.1038462,252.5768433,53.07311,2.557740185,1223.879,0
N_039,337.5005558,274.0273974,230.3148,0.0,1227.173,0
CP_042,255.4038006,264.286056,55.31931,0.779145212,1229.647,0
N_107,505.8197342,277.4282167,137.7354,0.0,1258.214,0
N_026,397.5488202,420.2240571,111.4237,0.0,1258.409,0
N_027,512.8584542,357.635637,217.3686,11.16018066,1261.894,0
CP_84,546.7607078,675.415355,100.304092,0.172343801,1262.332168,0
CP_031,392.9329728,483.7523863,100.0867,7.207889962,1276.002,0
CP_024,309.6305076,198.9782389,27.41826,0.0,1276.908,0
CP_94,425.6883383,290.8476931,265.3414164,5.329669769,1278.435501,0
N_004,401.5156214,470.8804464,119.721,3.557170511,1291.92,0
N_044,442.249613,503.5206513,84.23208,6.988142869,1298.048,0
CP_006,274.5951036,259.1714394,170.3338,10.17018902,1299.09,0
N_098,380.6423108,387.2037462,42.68886,0.0,1302.564,0
N_034,300.7564303,164.4167518,133.0627,7.079953633,1309.791,0
N_033,400.49746,522.8066258,198.0368,3.643251748,1315.864,0
N_070,290.6995431,387.8969947,121.4224,0.0,1317.017,0
N_055,283.9925112,363.3305621,45.68827,0.0,1317.128,0
CP_012,332.218508,351.2228356,96.02187,0.0,1319.586,0
N_065,339.3766327,330.4332818,56.56277,0.0,1322.125,0
N_100,226.4267079,260.9318665,47.79286,1.500224284,1337.45,0
CP_55,243.137768,247.0823194,51.16959785,0.0,1337.969934,0
N_088,359.5236955,356.7445243,104.9769,8.33751367,1341.834,0
CP_017,158.3568318,286.9301499,58.57034,3.986769553,1371.507,0
CP_005,205.6000163,219.9354303,83.749,0.0,1372.993,0
CP_014,191.990265,344.5707635,94.93636,0.0,1374.636,0
CP_033,330.6805909,318.5407637,79.06452,0.103759206,1382.28,0
CP_009,202.5014144,295.2173439,207.7819,0.122802556,1384.722,0
CP_82,402.8179343,571.4141482,97.54262605,0.0,1385.137858,0
CP_78,199.440721,329.7445526,57.80612134,0.0,1386.194631,0
N_087,384.0499241,414.776165,178.01,0.0,1387.118,0
CP_010,314.7656957,202.6790424,91.38359,0.0,1392.248,0
N_022,425.4574584,494.0267848,273.1852,6.7087168,1392.839,0
CP_92,333.796793,367.3150817,67.28859473,0.0,1400.963663,0
N_019,572.1464813,470.0557572,161.2783,0.187897038,1408.414,0
N_056,500.1413039,319.4211004,117.1335,12.27112493,1424.938,0
N_051,199.5630177,283.3541142,62.8934,0.0,1425.851,0
CP_47,463.0397768,309.0237923,158.6917228,0.0,1427.658749,0
N_043,286.9705718,379.4134648,116.6967,0.0,1436.244,0
N_068,375.7314899,614.282535,36.12056,0.0,1451.037,0
CP_65,351.0045315,428.1743443,90.16268952,11.22112075,1462.38764,0
N_090,293.4673144,375.4779913,33.2663,0.0,1469.493,0
CP_69,388.5644441,369.6994088,103.6540399,0.0,1478.244814,0
CP_89,493.8529663,378.4527691,137.4459895,0.0,1485.913623,0
N_042,474.5201198,436.47728,168.2369,1.669733184,1487.055,0
CP_013,273.5107208,455.1824709,144.8916,12.705877,1487.479,0
N_082,330.3514964,442.1171225,157.6055,3.499808576,1512.184,0
CP_020,357.0814633,532.6465161,105.9799,0.0,1515.307,0
N_012,522.582129,437.955023,103.444,1.429951099,1535.605,0
N_064,380.0267495,364.6708077,103.1604,2.493699962,1536.185,0
CP_007,338.463337,311.2124965,91.75766,0.394939716,1536.447,0
CP_95,394.1392845,458.2776429,216.4768208,3.550093636,1544.685186,0
N_059,353.5439198,291.7784623,109.1125,0.0,1546.182,0
CP_043,256.5577337,325.64561,70.22982,0.951623641,1548.101,0
CP_90,717.2712761,412.7479332,67.08413316,0.0,1548.644351,0
N_058,355.7789084,379.2335958,98.86596,0.0,1561.963,0
N_010,333.8005927,241.6541213,19.92667,0.0,1562.343,0
N_106,200.2183152,339.518162,139.7609,0.0,1562.959,0
CP_023,271.7346649,218.590985,70.24547,1.949715718,1573.922,0
CP_037,146.87578,252.7284874,71.25494,0.0,1581.86,0
CP_016,709.7860099,387.1084619,94.34527,0.209191279,1583.264,0
CP_80,439.0035095,549.0066018,433.6602886,0.0,1587.758629,0
CP_48,449.1103789,487.4523939,257.8545935,8.086349125,1596.645092,0
CP_036,70.10458999,310.4940946,58.63686,0.0,1598.558,0
N_009,327.9464852,401.1679279,103.5666,1.353526966,1605.545,0
N_080,339.5554901,362.1588867,211.4528,0.0,1606.506,0
N_069,497.0195619,494.1983859,175.1816,3.000298283,1608.384,0
CP_041,248.7266189,480.3068014,123.3304,0.0,1630.771,0
N_081,246.9593135,514.6487883,86.63855,0.0,1632.05,0
N_084,443.3952845,332.1806257,164.627,0.056282722,1639.122,0
CP_83,532.4982844,484.830996,70.47582974,3.587860423,1640.677316,0
CP_52,424.0687566,263.5166553,129.8607437,0.825036491,1664.26361,0
N_014,376.3093346,332.9485882,151.4366,0.0,1681.818,0
CP_61,645.0910258,464.4150961,111.0881827,0.0,1699.225019,0
CP_100,369.8636283,468.5144175,87.43348755,0.0,1702.41759,0
N_104,449.7129163,299.1003762,151.3852,0.0,1706.717,0
CP_93,346.0222549,393.0374163,79.44745636,4.433191397,1709.22861,0
N_091,298.7543038,300.4809375,130.4308,1.259975976,1720.194,0
N_109,505.4278686,383.4212581,119.6471,0.0,1726.969,0
CP_73,344.168206,604.5652651,293.5690875,0.134572124,1742.237998,0
CP_015,223.693186,341.0326969,48.3242,0.0,1762.115,0
CP_85,496.9194133,553.5573416,258.0992237,0.0,1779.2058,0
N_074,510.0601282,495.0583598,106.7434,0.0,1788.143,0
N_001,363.0605472,293.0273625,102.2697,0.0,1795.783,0
CP_030,309.1753763,380.182918,232.7909,0.0,1805.869,0
CP_50,422.421583,333.7840402,173.0953212,0.663454661,1821.979191,0
CP_026,213.9415461,193.8261556,31.46622,0.0,1826.909,0
CP_51,423.7621451,576.7168781,98.11658449,0.0,1844.056094,0
CP_018,309.3752923,528.8756852,151.1991,0.0,1855.517,0
N_067,454.0016469,385.0548806,156.7174,0.0,1869.36,0
N_102,472.3567731,310.7762904,243.7409,0.0,1880.099,0
N_049,403.2136274,411.1594529,87.30537,0.0,1955.167,0
CP_56,496.0434442,414.7235538,115.9459156,1.971869312,2020.850546,0
N_038,385.5804653,370.096225,148.0537,0.152554091,2024.088,0
CP_70,522.1558987,430.4962947,88.67180474,0.0,2031.349003,0
CP_59,555.7992301,436.7696604,65.29411309,0.0,2055.842329,0
CP_032,186.8671039,424.7492091,342.9185,0.281850836,2062.115,0
CP_76,299.6189104,491.1583617,132.0588196,1.034017604,2065.474782,0
N_071,368.7114036,453.8708064,132.1947,20.10056716,2070.492,0
CP_011,308.3263353,386.9381491,224.5537,0.0,2167.286,0
N_093,310.508388,488.9249319,104.0407,0.0,2173.369,0
CP_62,319.3981636,347.7841445,56.21318274,4.693744881,2190.637789,0
CP_96,400.5688423,796.3579436,205.5288591,0.0,2195.361554,0
CP_019,110.8024181,227.2436362,149.4282,0.0,2224.225,0
CP_75,494.7111274,510.6020111,175.2828899,0.107370836,2264.075136,0
CP_60,337.2392095,276.3945674,58.09839439,1.342609954,2272.001181,0
CP_002,341.8004722,627.7845373,59.8676,1.050308738,2321.482,0
N_072,521.8760449,629.5074788,67.36865,2.244154999,2419.331,0
CP_99,393.9078849,517.4483789,204.6752233,0.0,2478.286042,0
CP_74,608.7198745,385.8999077,236.7650449,0.0,2548.204778,0
CP_98,503.8959041,671.8354557,347.6209671,0.077249104,2558.799314,0
CP_91,169.0040356,443.0967723,41.47064725,0.0,3042.815842,0
